id,video_path,thumbnail_path,platforms,title,caption,hashtags_tiktok,hashtags_instagram,youtube_tags,scheduled_at,status,result,updated_at
v3-ps-fitness,video-generator/out/ps-fitness.mp4,video-generator/out/thumbnails/ps-fitness.png,instagram,Working out shouldn't need main-character energy | ADHD Fitness Tracker,"Some days you can't even open the gym app, so the whole plan fails before it starts. Real screen recording: log today's movement with zero pressure, one set at a time.

Shop the digital download — link in bio.",adhdtiktok adhd adhdproblems adhdbrain adhdcheck neurodivergent adhdwomen adhdplanner digitalplanner plannercommunity,adhd adhdawareness adhdproblems adhdbrain neurodivergent adhdwomen adhdplanner digitalplanner plannercommunity adhdtips,"ADHD, adhd fitness planner, workout tracker, gym planner, workout log",2026-08-02T20:07:01,DONE,instagram:https://www.instagram.com/reel/DbjFfIqj6Oy/,2026-08-02T20:44:33+02:00
v3-ps-selfcare,video-generator/out/ps-selfcare.mp4,video-generator/out/thumbnails/ps-selfcare.png,instagram;youtube,Skipped a shower again? Same. | ADHD Self-Care Tracker,"Self-care advice always assumes you have a routine — this one starts smaller than that. Real screen recording: wash your face, apply moisturizer, one gentle task at a time.

Shop the digital download — link in bio.",adhdcheck neurodivergent adhdwomen adhdplanner digitalplanner plannercommunity adhdtips executivedysfunction adhdlife smallbusiness,neurodivergent adhdwomen adhdplanner digitalplanner plannercommunity adhdtips executivedysfunction adhdlife adhdsupport smallbusinessowner,"ADHD, self care planner, wellness planner, self care journal, mental health planner",2026-08-15T12:40:44+00:00,DONE,youtube:https://youtube.com/shorts/8FajEVz27t8; instagram:https://www.instagram.com/reel/DcErq6xCSo2/,2026-08-15T21:53:02+02:00
v3-ps-execfunction,video-generator/out/ps-executivefunction.mp4,video-generator/out/thumbnails/ps-executivefunction.png,instagram;youtube,The task is easy. Starting it is impossible. | ADHD Executive Function Planner,"Your brain can see the whole mountain, that's exactly why it won't move. Real screen recording: open the file, read only the first line, set a 2-minute timer.

Shop the digital download — link in bio.",digitalplanner plannercommunity adhdtips executivedysfunction adhdlife smallbusiness etsyshop adhdtiktok adhd adhdproblems,plannercommunity adhdtips executivedysfunction adhdlife adhdsupport smallbusinessowner etsyseller printableplanner adhdcheck mentalhealthmatters,"ADHD, executive dysfunction planner, task paralysis, adhd planner, task avoidance",2026-08-15T14:00:00+00:00,DONE,youtube:https://youtube.com/shorts/t8WrSGZGbR8; instagram:https://www.instagram.com/reel/DcErzKfD2eF/,2026-08-15T21:53:56+02:00
v3-ps-adhdtax,video-generator/out/ps-adhdtax.mp4,video-generator/out/thumbnails/ps-adhdtax.png,instagram;youtube,"The ""ADHD tax"" is not a meme, it's your bank app | Debt Payoff Tracker","Late fees. Forgotten subscriptions. The shame spiral helps literally nobody. Real screen recording: scroll 30 days, circle what surprises you, log it — no judgment.

Shop the digital download — link in bio.",adhdlife smallbusiness etsyshop adhdtiktok adhd adhdproblems adhdbrain adhdcheck neurodivergent adhdwomen,adhdsupport smallbusinessowner etsyseller printableplanner adhdcheck mentalhealthmatters adhd adhdawareness adhdproblems adhdbrain,"ADHD, adhd tax, debt payoff tracker, impulse spending, subscription audit",2026-08-15T18:00:00+00:00,DONE,youtube:https://youtube.com/shorts/BQP2kHwep8s; instagram:https://www.instagram.com/reel/DcEr_SdD0cq/,2026-08-15T21:55:51+02:00
v3-pov-timeblindness,video-generator/out/pov-timeblindness.mp4,video-generator/out/thumbnails/pov-timeblindness.png,youtube,"""I'll be there in 5 minutes"" (it's been 35) | ADHD Time Blindness Planner","Your brain genuinely cannot feel time passing, so a 90-minute morning gets planned like 20. Real screen recording of the fix — link in bio.",adhd adhdproblems adhdbrain adhdcheck neurodivergent adhdwomen adhdplanner digitalplanner plannercommunity adhdtips,adhdcheck mentalhealthmatters adhd adhdawareness adhdproblems adhdbrain neurodivergent adhdwomen adhdplanner digitalplanner,"ADHD, time blindness planner, adhd time management, running late, procrastination",2026-08-15T21:00:00+00:00,PARTIAL,"instagram:https://www.instagram.com/reel/DcEzilDDVyx/; youtube:ERROR:token missing at publish time (retry skipped - video now fixed, needs fresh manual publish if desired)",2026-08-15T23:01:46+02:00
v3-pov-rsd,video-generator/out/pov-rsd.mp4,video-generator/out/thumbnails/pov-rsd.png,instagram;youtube,"She said ""ok."" with a period. I'm not okay. | RSD Journal",RSD turns a normal text into a five-alarm fire — your brain writes the worst-case story instantly and treats it like fact. Real screen recording of the fix — link in bio.,neurodivergent adhdwomen adhdplanner digitalplanner plannercommunity adhdtips executivedysfunction adhdlife smallbusiness etsyshop,adhdproblems adhdbrain neurodivergent adhdwomen adhdplanner digitalplanner plannercommunity adhdtips executivedysfunction adhdlife,"ADHD, RSD, rejection sensitive dysphoria, adhd feelings, adhd meltdown",2026-08-16T14:00:00+00:00,DONE,youtube:https://youtube.com/shorts/kcGvYhaQ0S8; instagram:https://www.instagram.com/reel/DcL_3O5iiCS/,2026-08-18T18:04:15+02:00
v3-pov-medication,video-generator/out/pov-medication.mp4,video-generator/out/thumbnails/pov-medication.png,instagram;youtube,Did I take my meds? ...did I though? | ADHD Medication Tracker,"ADHD meds + an ADHD memory is a wild combo — forensic detective work in the kitchen at 9pm, again. Real screen recording of the fix — link in bio.",plannercommunity adhdtips executivedysfunction adhdlife smallbusiness etsyshop adhdtiktok adhd adhdproblems adhdbrain,adhdplanner digitalplanner plannercommunity adhdtips executivedysfunction adhdlife adhdsupport smallbusinessowner etsyseller printableplanner,"ADHD, medication tracker, adhd meds, side effect log, dosage",2026-08-16T18:00:00+00:00,DONE,youtube:https://youtube.com/shorts/pCks9SwN7K0; instagram:https://www.instagram.com/reel/DcMAAO7gghc/,2026-08-18T18:05:48+02:00
v3-pov-laundry,video-generator/out/pov-laundry.mp4,video-generator/out/thumbnails/pov-laundry.png,instagram;youtube,The laundry mountain has its own zip code now | ADHD Laundry Reset,"It's never actually laziness — ""do the laundry"" is secretly 11 invisible steps, and ADHD brains stall on invisible steps. Real screen recording of the fix — link in bio.",smallbusiness etsyshop adhdtiktok adhd adhdproblems adhdbrain adhdcheck neurodivergent adhdwomen adhdplanner,executivedysfunction adhdlife adhdsupport smallbusinessowner etsyseller printableplanner adhdcheck mentalhealthmatters adhd adhdawareness,"ADHD, laundry reset, adhd chores, executive dysfunction, home routine",2026-08-16T21:00:00+00:00,DONE,youtube:https://youtube.com/shorts/mgqxQaQKa4o; instagram:https://www.instagram.com/reel/DcMANlvmjGS/,2026-08-18T18:07:17+02:00
v3-qt-sleep,video-generator/out/qt-sleep.mp4,video-generator/out/thumbnails/qt-sleep.png,instagram;youtube,3 tips if your brain won't shut off at night | ADHD Sleep Wind-Down Planner,"3 quick tips for the nights your brain won't switch off: phone-away alarm, write down the looping thought, block your evening hour by hour. All 3 built into this planner.

Link in bio.",adhdproblems adhdbrain adhdcheck neurodivergent adhdwomen adhdplanner digitalplanner plannercommunity adhdtips executivedysfunction,etsyseller printableplanner adhdcheck mentalhealthmatters adhd adhdawareness adhdproblems adhdbrain neurodivergent adhdwomen,"ADHD, adhd sleep planner, bedtime routine tracker, sleep hygiene checklist, wind down routine",2026-08-17T14:00:00+00:00,DONE,youtube:https://youtube.com/shorts/LD8CwrFIQrw; instagram:https://www.instagram.com/reel/DcMAVIgjXth/,2026-08-18T18:08:16+02:00
v3-qt-bodydoubling,video-generator/out/qt-bodydoubling.mp4,video-generator/out/thumbnails/qt-bodydoubling.png,instagram;youtube,3 tips to actually finish something today | Body Doubling Planner,"3 quick tips to actually finish something today: book a session with anyone, pick ONE task, log the real gap between planned and actual. All 3 built into this planner.

Link in bio.",adhdwomen adhdplanner digitalplanner plannercommunity adhdtips executivedysfunction adhdlife smallbusiness etsyshop adhdtiktok,adhd adhdawareness adhdproblems adhdbrain neurodivergent adhdwomen adhdplanner digitalplanner plannercommunity adhdtips,"ADHD, body doubling, coworking, focusmate, accountability partner",2026-08-17T18:00:00+00:00,DONE,youtube:https://youtube.com/shorts/Le-YebSA_2I; instagram:https://www.instagram.com/reel/DcMAcnDjKUz/,2026-08-18T18:09:20+02:00
v3-qt-focussession,video-generator/out/qt-focussession.mp4,video-generator/out/thumbnails/qt-focussession.png,instagram;youtube,3 tips for a focus session that actually sticks | ADHD Focus Session Tracker,"3 quick tips for a focus session that sticks: pick just one task, remove the easy exits, block one hour with no multitasking. All 3 built into this planner.

Link in bio.",adhdtips executivedysfunction adhdlife smallbusiness etsyshop adhdtiktok adhd adhdproblems adhdbrain adhdcheck,neurodivergent adhdwomen adhdplanner digitalplanner plannercommunity adhdtips executivedysfunction adhdlife adhdsupport smallbusinessowner,"ADHD, adhd focus planner, adhd pomodoro tracker, deep work planner, focus session tracker",2026-08-17T21:00:00+00:00,DONE,youtube:https://youtube.com/shorts/yyh5N2WTiFo; instagram:https://www.instagram.com/reel/DcMAk8ICl4p/,2026-08-18T18:10:23+02:00
v3-qt-screentime,video-generator/out/qt-screentime.mp4,video-generator/out/thumbnails/qt-screentime.png,instagram;youtube,3 tips to catch the scroll before it eats your day | Screen Time Reset,"3 quick tips to catch the scroll before it eats your day: feel for the phone reach, pause before you unlock it, log what you meant vs what happened. Link in bio.",etsyshop adhdtiktok adhd adhdproblems adhdbrain adhdcheck neurodivergent adhdwomen adhdplanner digitalplanner,plannercommunity adhdtips executivedysfunction adhdlife adhdsupport smallbusinessowner etsyseller printableplanner adhdcheck mentalhealthmatters,"ADHD, adhd screen time tracker, doomscrolling planner, screen time reset, phone habit tracker",2026-08-18T14:00:00+00:00,DONE,youtube:https://youtube.com/shorts/PNEvkRDkaBA; instagram:https://www.instagram.com/reel/DcMAsdLAN4U/,2026-08-18T18:11:27+02:00
v2-laundry,video-generator/out/laundry-reset.mp4,video-generator/out/thumbnails/laundry-reset.png,instagram;youtube,Break the laundry cycle for good | ADHD Laundry Reset (real app demo),"Break the laundry cycle into steps small enough to actually finish. Real screen recording of the actual planner in action — log what laundry ACTUALLY takes, check off the Weekly Laundry Grid, no more chair pile.

Shop the digital download — link in bio.",adhdtiktok adhd adhdproblems adhdbrain adhdcheck neurodivergent adhdwomen adhdplanner digitalplanner plannercommunity,adhd adhdawareness adhdproblems adhdbrain neurodivergent adhdwomen adhdplanner digitalplanner plannercommunity adhdtips,"ADHD, ADHD laundry planner, laundry chore checklist, laundry routine tracker, chore reset checklist",2026-08-18T18:00:00+00:00,DONE,youtube:https://youtube.com/shorts/JVV_-0KNWjg; instagram:https://www.instagram.com/reel/DcMNlkUDC13/,2026-08-18T20:04:18+02:00
v2-sleep,video-generator/out/sleep-wind-down.mp4,video-generator/out/thumbnails/sleep-wind-down.png,instagram;youtube,Wind down for real tonight | ADHD Sleep Wind-Down Planner (real app demo),"Wind down for real, even on nights your brain won't stop. Real screen recording: evening hour-by-hour blocks, the wind-down routine grid, and the 3am racing-thoughts reset.

Shop the digital download — link in bio.",adhdbrain adhdcheck neurodivergent adhdwomen adhdplanner digitalplanner plannercommunity adhdtips executivedysfunction adhdlife,adhdbrain neurodivergent adhdwomen adhdplanner digitalplanner plannercommunity adhdtips executivedysfunction adhdlife adhdsupport,"ADHD, adhd sleep planner, bedtime routine tracker, sleep hygiene checklist, wind down routine",2026-08-18T21:00:00+00:00,DONE,youtube:https://youtube.com/shorts/8BVomO92UvQ; instagram:https://www.instagram.com/reel/DcMiGz2glru/,2026-08-18T23:03:53+02:00
v2-bodydoubling,video-generator/out/body-doubling.mp4,video-generator/out/thumbnails/body-doubling.png,instagram;youtube,Working alongside someone actually works | Body Doubling Planner (real app demo),"Prove to yourself that working alongside someone actually works. Real screen recording: booking a Focusmate/Discord session, blocking today's co-working hours, logging the real gap between planned and actual focus time.

Shop the digital download — link in bio.",adhdwomen adhdplanner digitalplanner plannercommunity adhdtips executivedysfunction adhdlife smallbusiness etsyshop adhdtiktok,adhdplanner digitalplanner plannercommunity adhdtips executivedysfunction adhdlife adhdsupport smallbusinessowner etsyseller printableplanner,"ADHD, body doubling, coworking, focusmate, accountability partner, virtual coworking",2026-08-19T18:00:00,DONE,youtube:https://youtube.com/shorts/8zCy6Q2TY8Q; instagram:https://www.instagram.com/reel/DcOknXtAgSE/,2026-08-19T18:03:45+02:00
v2-emotionalreg,video-generator/out/emotional-regulation.mp4,video-generator/out/thumbnails/emotional-regulation.png,youtube,When feelings get bigger than the moment | Emotional Regulation Toolkit (real app demo),"A toolkit for the moment feelings get bigger than the situation. Real screen recording: naming the feeling, checking off today's regulation practices, the after-the-wave reset.

Shop the digital download — link in bio.",adhdlife smallbusiness etsyshop adhdtiktok adhd adhdproblems adhdbrain adhdcheck neurodivergent adhdwomen,adhdsupport smallbusinessowner etsyseller printableplanner adhdcheck mentalhealthmatters adhd adhdawareness adhdproblems adhdbrain,"ADHD, emotional regulation planner, adhd meltdown toolkit, emotional dysregulation tracker, coping skills planner",2026-08-19T20:00:00,DONE,youtube:https://youtube.com/shorts/XSYM8xSdc0s,2026-08-19T20:17:21+02:00
v2-focussession,video-generator/out/focus-session.mp4,video-generator/out/thumbnails/focus-session.png,instagram;youtube,Focus sessions your brain will finish | ADHD Focus Session Tracker (real app demo),"Solo focus sessions your brain will actually finish. Real screen recording: picking one task, blocking a focus hour, closing the session out properly instead of just... stopping.

Shop the digital download — link in bio.",adhdtiktok adhd adhdproblems adhdbrain adhdcheck neurodivergent adhdwomen adhdplanner digitalplanner plannercommunity,printableplanner adhdcheck mentalhealthmatters adhd adhdawareness adhdproblems adhdbrain neurodivergent adhdwomen adhdplanner,"ADHD, adhd focus planner, adhd pomodoro tracker, deep work planner, focus session tracker",2026-08-19T22:00:00,DONE,youtube:https://youtube.com/shorts/AIPoTicmMSk; instagram:https://www.instagram.com/reel/DcPABUrDzim/,2026-08-19T22:03:19+02:00
viral_01,11_VIRAL_REELS/viral_reel_01.mp4,11_VIRAL_REELS/thumbnails/viral_01.png,tiktok;instagram;youtube,You said five minutes. It's been forty five. | ADHD Time Blindness Planner,"You said five minutes. It's been forty five. 👇

The ADHD Time Blindness Planner is on Etsy right now — link in bio to grab yours.
Follow for more ADHD tools that actually get it.",fyp adhdplanner digitalplanner goodnotesplanner adhd adhdtiktok timeblindness adhdtime adhdproblems neurodivergent adhdcheck,fyp adhdplanner digitalplanner goodnotesplanner adhd adhdtiktok timeblindness adhdtime adhdproblems neurodivergent adhdcheck,"fyp, adhdplanner, digitalplanner, goodnotesplanner, adhd, adhdtiktok, timeblindness, adhdtime, adhdproblems, neurodivergent, adhdcheck",2026-08-19T23:00:00,PARTIAL,"youtube:https://youtube.com/shorts/68cQDYL5LHA; instagram:https://www.instagram.com/reel/DcPG7SNDUFH/; tiktok:ERROR:Inicjalizacja publikacji TikTok nie powiodla sie: {""error"":{""code"":""invalid_params"",""message"":""The total chunk count is invalid"",""log_id"":""20260819210341B49D2A01879495E1E938""}}",2026-08-19T23:03:42+02:00
viral_05,11_VIRAL_REELS/viral_reel_05.mp4,11_VIRAL_REELS/thumbnails/viral_05.png,instagram;youtube,"POV: she texted back ""ok."" With a period. Your brain instantly writes a whole tragic novel about...","POV: she texted back ""ok."" With a period. Your brain instantly writes a whole tragic novel about how she hates you now. 👇

The RSD Journal is on Etsy right now — link in bio to grab yours.
Follow for more ADHD tools that actually get it.",fyp adhdplanner digitalplanner goodnotesplanner adhd rsd rejectionsensitivedysphoria adhdtiktok adhdemotions neurodivergent adhdrelatable,fyp adhdplanner digitalplanner goodnotesplanner adhd rsd rejectionsensitivedysphoria adhdtiktok adhdemotions neurodivergent adhdrelatable,"fyp, adhdplanner, digitalplanner, goodnotesplanner, adhd, rsd, rejectionsensitivedysphoria, adhdtiktok, adhdemotions, neurodivergent, adhdrelatable",2026-08-21T21:00:00,DONE,youtube:https://youtube.com/shorts/3n2MasxM-sg; instagram:https://www.instagram.com/reel/DcUEm_9DRao/,2026-08-21T21:19:29+02:00
viral_09,11_VIRAL_REELS/viral_reel_09.mp4,11_VIRAL_REELS/thumbnails/viral_09.png,instagram;youtube,Three ways to stop losing your keys for good. One. | ADHD Object Finder Log,"Three ways to stop losing your keys for good. One. 👇

The ADHD Object Finder Log is on Etsy right now — link in bio to grab yours.
Follow for more ADHD tools that actually get it.",fyp adhdplanner digitalplanner goodnotesplanner adhd adhdtips organizationtips adhdtiktok lifehacks neurodivergent,fyp adhdplanner digitalplanner goodnotesplanner adhd adhdtips organizationtips adhdtiktok lifehacks neurodivergent,"fyp, adhdplanner, digitalplanner, goodnotesplanner, adhd, adhdtips, organizationtips, adhdtiktok, lifehacks, neurodivergent",2026-08-23T02:30:00,,,
viral_02,11_VIRAL_REELS/viral_reel_02.mp4,11_VIRAL_REELS/thumbnails/viral_02.png,tiktok;instagram;youtube,The task is easy. Starting it is impossible. | ADHD Executive Function Planner,"The task is easy. Starting it is impossible. 👇

The ADHD Executive Function Planner is on Etsy right now — link in bio to grab yours.
Follow for more ADHD tools that actually get it.",fyp adhdplanner digitalplanner goodnotesplanner adhd executivedysfunction taskparalysis adhdtiktok adhdbrain neurodivergent,fyp adhdplanner digitalplanner goodnotesplanner adhd executivedysfunction taskparalysis adhdtiktok adhdbrain neurodivergent,"fyp, adhdplanner, digitalplanner, goodnotesplanner, adhd, executivedysfunction, taskparalysis, adhdtiktok, adhdbrain, neurodivergent",2026-08-20T21:00:00,DONE,youtube:https://youtube.com/shorts/ECRvrfp-lCs; instagram:https://www.instagram.com/reel/DcRfD3VEz8p/; tiktok:SEND_TO_USER_INBOX,2026-08-20T21:13:23+02:00
viral_06,11_VIRAL_REELS/viral_reel_06.mp4,11_VIRAL_REELS/thumbnails/viral_06.png,instagram;youtube,POV: you've been standing in front of the open fridge for ten minutes. | ADHD Decision Fatigue Pl...,"POV: you've been standing in front of the open fridge for ten minutes. 👇

The ADHD Decision Fatigue Planner is on Etsy right now — link in bio to grab yours.
Follow for more ADHD tools that actually get it.",fyp adhdplanner digitalplanner goodnotesplanner adhd decisionfatigue adhdbrain adhdtiktok adhdrelatable neurodivergent,fyp adhdplanner digitalplanner goodnotesplanner adhd decisionfatigue adhdbrain adhdtiktok adhdrelatable neurodivergent,"fyp, adhdplanner, digitalplanner, goodnotesplanner, adhd, decisionfatigue, adhdbrain, adhdtiktok, adhdrelatable, neurodivergent",2026-08-22T02:30:00,DONE,youtube:https://youtube.com/shorts/bemjZ2-5iXo; instagram:https://www.instagram.com/reel/DcU6S3JARv1/,2026-08-22T05:08:35+02:00
viral_10,11_VIRAL_REELS/viral_reel_10.mp4,11_VIRAL_REELS/thumbnails/viral_10.png,instagram;youtube,Three chore hacks for ADHD kids that actually work. One. | ADHD Kids Chore Chart,"Three chore hacks for ADHD kids that actually work. One. 👇

The ADHD Kids Chore Chart is on Etsy right now — link in bio to grab yours.
Follow for more ADHD tools that actually get it.",fyp adhdplanner digitalplanner goodnotesplanner adhd adhdkids parentingtips adhdparenting chorechart neurodivergent momsoftiktok,fyp adhdplanner digitalplanner goodnotesplanner adhd adhdkids parentingtips adhdparenting chorechart neurodivergent momsoftiktok,"fyp, adhdplanner, digitalplanner, goodnotesplanner, adhd, adhdkids, parentingtips, adhdparenting, chorechart, neurodivergent, momsoftiktok",2026-08-23T15:30:00,,,
viral_03,11_VIRAL_REELS/viral_reel_03.mp4,11_VIRAL_REELS/thumbnails/viral_03.png,tiktok;instagram;youtube,Did you take your meds today? ...did you though? | ADHD Medication Tracker,"Did you take your meds today? ...did you though? 👇

The ADHD Medication Tracker is on Etsy right now — link in bio to grab yours.
Follow for more ADHD tools that actually get it.",fyp adhdplanner digitalplanner goodnotesplanner adhd adhdmeds adhdmedication adhdtiktok adhdcheck neurodivergent,fyp adhdplanner digitalplanner goodnotesplanner adhd adhdmeds adhdmedication adhdtiktok adhdcheck neurodivergent,"fyp, adhdplanner, digitalplanner, goodnotesplanner, adhd, adhdmeds, adhdmedication, adhdtiktok, adhdcheck, neurodivergent",2026-08-21T02:30:00,PARTIAL,"youtube:https://youtube.com/shorts/L3B2XT0CJz8; instagram:https://www.instagram.com/reel/DcSYRd-CYA6/; tiktok:ERROR:Inicjalizacja publikacji TikTok nie powiodla sie: {""error"":{""code"":""unaudited_client_can_only_post_to_private_accounts"",""message"":""Please review our integration guidelines at https://developers.tiktok.com/doc/content-sharing-guidelines/"",""log_id"":""2026082103324986D68C8B23E156CAF8C7""}}",2026-08-21T05:32:50+02:00
viral_07,11_VIRAL_REELS/viral_reel_07.mp4,11_VIRAL_REELS/thumbnails/viral_07.png,instagram;youtube,"POV: it's 3am, and you now know more about vacuum cleaners than the people who sell them. | ADHD...","POV: it's 3am, and you now know more about vacuum cleaners than the people who sell them. 👇

The ADHD Hyperfixation Journal is on Etsy right now — link in bio to grab yours.
Follow for more ADHD tools that actually get it.",fyp adhdplanner digitalplanner goodnotesplanner adhd hyperfixation specialinterest adhdtiktok adhdrelatable neurodivergent adhdhumor,fyp adhdplanner digitalplanner goodnotesplanner adhd hyperfixation specialinterest adhdtiktok adhdrelatable neurodivergent adhdhumor,"fyp, adhdplanner, digitalplanner, goodnotesplanner, adhd, hyperfixation, specialinterest, adhdtiktok, adhdrelatable, neurodivergent, adhdhumor",2026-08-22T15:30:00,,,
viral_11,11_VIRAL_REELS/viral_reel_11.mp4,11_VIRAL_REELS/thumbnails/viral_11.png,instagram;youtube,Three ways to actually remember to eat with ADHD. One. | ADHD Eating & Hydration Tracker,"Three ways to actually remember to eat with ADHD. One. 👇

The ADHD Eating & Hydration Tracker is on Etsy right now — link in bio to grab yours.
Follow for more ADHD tools that actually get it.",fyp adhdplanner digitalplanner goodnotesplanner adhd adhdeating hydrationcheck adhdtips adhdtiktok neurodivergent,fyp adhdplanner digitalplanner goodnotesplanner adhd adhdeating hydrationcheck adhdtips adhdtiktok neurodivergent,"fyp, adhdplanner, digitalplanner, goodnotesplanner, adhd, adhdeating, hydrationcheck, adhdtips, adhdtiktok, neurodivergent",2026-08-23T21:00:00,,,
viral_04,11_VIRAL_REELS/viral_reel_04.mp4,11_VIRAL_REELS/thumbnails/viral_04.png,tiktok;instagram;youtube,"""Just five minutes on TikTok."" That was two hours ago. The scroll isn't a willpower failure, it's...","""Just five minutes on TikTok."" That was two hours ago. The scroll isn't a willpower failure, it's a dopamine trap built by people paid to keep you there. 👇

The ADHD Doomscrolling & Screen Time Reset is on Etsy right now — link in bio to grab yours.
Follow for more ADHD tools that actually get it.",fyp adhdplanner digitalplanner goodnotesplanner adhd doomscrolling screentime adhdtiktok phoneaddiction neurodivergent,fyp adhdplanner digitalplanner goodnotesplanner adhd doomscrolling screentime adhdtiktok phoneaddiction neurodivergent,"fyp, adhdplanner, digitalplanner, goodnotesplanner, adhd, doomscrolling, screentime, adhdtiktok, phoneaddiction, neurodivergent",2026-08-21T15:30:00,PARTIAL,"youtube:https://youtube.com/shorts/8-j_ennTG7A; instagram:https://www.instagram.com/reel/DcTeNeNCGJ0/; tiktok:ERROR:Inicjalizacja publikacji TikTok nie powiodla sie: {""error"":{""code"":""unaudited_client_can_only_post_to_private_accounts"",""message"":""Please review our integration guidelines at https://developers.tiktok.com/doc/content-sharing-guidelines/"",""log_id"":""202608211344150B4BD15F9BD0969C7641""}}",2026-08-21T15:44:16+02:00
viral_08,11_VIRAL_REELS/viral_reel_08.mp4,11_VIRAL_REELS/thumbnails/viral_08.png,instagram;youtube,"POV: alone, task open for three hours, zero progress. One Discord call later, with a total strang...","POV: alone, task open for three hours, zero progress. One Discord call later, with a total stranger just existing on camera, and it's done in twenty minutes. 👇

The Body Doubling Planner is on Etsy right now — link in bio to grab yours.
Follow for more ADHD tools that actually get it.",fyp adhdplanner digitalplanner goodnotesplanner adhd bodydoubling coworking adhdtiktok adhdrelatable neurodivergent focustips,fyp adhdplanner digitalplanner goodnotesplanner adhd bodydoubling coworking adhdtiktok adhdrelatable neurodivergent focustips,"fyp, adhdplanner, digitalplanner, goodnotesplanner, adhd, bodydoubling, coworking, adhdtiktok, adhdrelatable, neurodivergent, focustips",2026-08-22T21:00:00,,,
viral_12,11_VIRAL_REELS/viral_reel_12.mp4,11_VIRAL_REELS/thumbnails/viral_12.png,instagram;youtube,Three tips to actually fall asleep with an ADHD brain. One. | ADHD Sleep & Wind-Down Planner,"Three tips to actually fall asleep with an ADHD brain. One. 👇

The ADHD Sleep & Wind-Down Planner is on Etsy right now — link in bio to grab yours.
Follow for more ADHD tools that actually get it.",fyp adhdplanner digitalplanner goodnotesplanner adhd adhdsleep sleeptok insomniahacks adhdtiktok neurodivergent,fyp adhdplanner digitalplanner goodnotesplanner adhd adhdsleep sleeptok insomniahacks adhdtiktok neurodivergent,"fyp, adhdplanner, digitalplanner, goodnotesplanner, adhd, adhdsleep, sleeptok, insomniahacks, adhdtiktok, neurodivergent",2026-08-24T02:30:00,,,
viral_13,11_VIRAL_REELS/viral_reel_13.mp4,11_VIRAL_REELS/thumbnails/viral_13.png,instagram;youtube,"Showering feels like a whole project today, so it just doesn't happen. | ADHD Self-Care & Hygiene...","Showering feels like a whole project today, so it just doesn't happen. 👇

The ADHD Self-Care & Hygiene Tracker is on Etsy right now — link in bio to grab yours.
Follow for more ADHD tools that actually get it.",fyp adhdplanner digitalplanner goodnotesplanner adhd adhdselfcare hygienetok adhdhygiene executivedysfunction neurodivergent,fyp adhdplanner digitalplanner goodnotesplanner adhd adhdselfcare hygienetok adhdhygiene executivedysfunction neurodivergent,"fyp, adhdplanner, digitalplanner, goodnotesplanner, adhd, adhdselfcare, hygienetok, adhdhygiene, executivedysfunction, neurodivergent",2026-08-24T15:30:00,,,
viral_21,11_VIRAL_REELS/viral_reel_21.mp4,11_VIRAL_REELS/thumbnails/viral_21.png,instagram;youtube,"POV: someone changed the plan by ten minutes, and your whole nervous system just declared a state...","POV: someone changed the plan by ten minutes, and your whole nervous system just declared a state of emergency. 👇

The ADHD Emotional Regulation Toolkit is on Etsy right now — link in bio to grab yours.
Follow for more ADHD tools that actually get it.",fyp adhdplanner digitalplanner goodnotesplanner adhd emotionaldysregulation adhdmeltdown adhdemotions neurodivergent adhdrelatable,fyp adhdplanner digitalplanner goodnotesplanner adhd emotionaldysregulation adhdmeltdown adhdemotions neurodivergent adhdrelatable,"fyp, adhdplanner, digitalplanner, goodnotesplanner, adhd, emotionaldysregulation, adhdmeltdown, adhdemotions, neurodivergent, adhdrelatable",2026-08-27T02:30:00,,,
viral_29,11_VIRAL_REELS/viral_reel_29.mp4,11_VIRAL_REELS/thumbnails/viral_29.png,instagram;youtube,"Three ways to actually finish the laundry, not just start it. | ADHD Laundry Reset","Three ways to actually finish the laundry, not just start it. 👇

The ADHD Laundry Reset is on Etsy right now — link in bio to grab yours.
Follow for more ADHD tools that actually get it.",fyp adhdplanner digitalplanner goodnotesplanner adhd adhdlaundry choretips adhdhacks cleaningtok neurodivergent,fyp adhdplanner digitalplanner goodnotesplanner adhd adhdlaundry choretips adhdhacks cleaningtok neurodivergent,"fyp, adhdplanner, digitalplanner, goodnotesplanner, adhd, adhdlaundry, choretips, adhdhacks, cleaningtok, neurodivergent",2026-08-29T21:00:00,,,
viral_14,11_VIRAL_REELS/viral_reel_14.mp4,11_VIRAL_REELS/thumbnails/viral_14.png,instagram;youtube,Some days your body wants to move. Some days getting off the couch feels like climbing a mountain...,"Some days your body wants to move. Some days getting off the couch feels like climbing a mountain. 👇

The ADHD Fitness and Workout Tracker is on Etsy right now — link in bio to grab yours.
Follow for more ADHD tools that actually get it.",fyp adhdplanner digitalplanner goodnotesplanner adhd adhdfitness workouttracker adhdworkout adhdmotivation neurodivergent,fyp adhdplanner digitalplanner goodnotesplanner adhd adhdfitness workouttracker adhdworkout adhdmotivation neurodivergent,"fyp, adhdplanner, digitalplanner, goodnotesplanner, adhd, adhdfitness, workouttracker, adhdworkout, adhdmotivation, neurodivergent",2026-08-24T21:00:00,,,
viral_22,11_VIRAL_REELS/viral_reel_22.mp4,11_VIRAL_REELS/thumbnails/viral_22.png,instagram;youtube,"POV: it was one hour at a birthday party, and now you need to lie on the floor in silence for the...","POV: it was one hour at a birthday party, and now you need to lie on the floor in silence for the rest of the day. 👇

The ADHD Social Battery Tracker is on Etsy right now — link in bio to grab yours.
Follow for more ADHD tools that actually get it.",fyp adhdplanner digitalplanner goodnotesplanner adhd socialbattery introvertproblems overstimulation adhdrelatable neurodivergent,fyp adhdplanner digitalplanner goodnotesplanner adhd socialbattery introvertproblems overstimulation adhdrelatable neurodivergent,"fyp, adhdplanner, digitalplanner, goodnotesplanner, adhd, socialbattery, introvertproblems, overstimulation, adhdrelatable, neurodivergent",2026-08-27T15:30:00,,,
viral_30,11_VIRAL_REELS/viral_reel_30.mp4,11_VIRAL_REELS/thumbnails/viral_30.png,instagram;youtube,Three ways to stop packing at 3am. One. | ADHD Travel & Packing Planner,"Three ways to stop packing at 3am. One. 👇

The ADHD Travel & Packing Planner is on Etsy right now — link in bio to grab yours.
Follow for more ADHD tools that actually get it.",fyp adhdplanner digitalplanner goodnotesplanner adhd adhdtravel packingtips traveltok adhdhacks neurodivergent,fyp adhdplanner digitalplanner goodnotesplanner adhd adhdtravel packingtips traveltok adhdhacks neurodivergent,"fyp, adhdplanner, digitalplanner, goodnotesplanner, adhd, adhdtravel, packingtips, traveltok, adhdhacks, neurodivergent",2026-08-30T02:30:00,,,
viral_15,11_VIRAL_REELS/viral_reel_15.mp4,11_VIRAL_REELS/thumbnails/viral_15.png,instagram;youtube,"Impulse spending isn't a character flaw, it's a dopamine-seeking brain grabbing the fastest rewar...","Impulse spending isn't a character flaw, it's a dopamine-seeking brain grabbing the fastest reward it can find. 👇

The ADHD-Friendly Debt Payoff & Savings Tracker is on Etsy right now — link in bio to grab yours.
Follow for more ADHD tools that actually get it.",fyp adhdplanner digitalplanner goodnotesplanner adhd adhdmoney debtpayoff adhdbudget moneyshame neurodivergent,fyp adhdplanner digitalplanner goodnotesplanner adhd adhdmoney debtpayoff adhdbudget moneyshame neurodivergent,"fyp, adhdplanner, digitalplanner, goodnotesplanner, adhd, adhdmoney, debtpayoff, adhdbudget, moneyshame, neurodivergent",2026-08-25T02:30:00,,,
viral_23,11_VIRAL_REELS/viral_reel_23.mp4,11_VIRAL_REELS/thumbnails/viral_23.png,instagram;youtube,"POV: you're holding the school schedule, the snack rotation, two birthday parties, and where the...","POV: you're holding the school schedule, the snack rotation, two birthday parties, and where the good scissors are, all in your head, at the same time. 👇

The ADHD Parent Planner is on Etsy right now — link in bio to grab yours.
Follow for more ADHD tools that actually get it.",fyp adhdplanner digitalplanner goodnotesplanner adhd adhdmom adhdparent momsoftiktok adhdparenting neurodivergent,fyp adhdplanner digitalplanner goodnotesplanner adhd adhdmom adhdparent momsoftiktok adhdparenting neurodivergent,"fyp, adhdplanner, digitalplanner, goodnotesplanner, adhd, adhdmom, adhdparent, momsoftiktok, adhdparenting, neurodivergent",2026-08-27T21:00:00,,,
viral_31,11_VIRAL_REELS/viral_reel_31.mp4,11_VIRAL_REELS/thumbnails/viral_31.png,instagram;youtube,Three ways to stop scrambling for gifts. One. | ADHD Gift & Important Dates Tracker,"Three ways to stop scrambling for gifts. One. 👇

The ADHD Gift & Important Dates Tracker is on Etsy right now — link in bio to grab yours.
Follow for more ADHD tools that actually get it.",fyp adhdplanner digitalplanner goodnotesplanner adhd giftideas adhdreminders birthdaytracker adhdhacks neurodivergent,fyp adhdplanner digitalplanner goodnotesplanner adhd giftideas adhdreminders birthdaytracker adhdhacks neurodivergent,"fyp, adhdplanner, digitalplanner, goodnotesplanner, adhd, giftideas, adhdreminders, birthdaytracker, adhdhacks, neurodivergent",2026-08-30T15:30:00,,,
viral_16,11_VIRAL_REELS/viral_reel_16.mp4,11_VIRAL_REELS/thumbnails/viral_16.png,instagram;youtube,The word 'taxes' alone can shut an ADHD brain down for weeks. | ADHD Tax Tracker,"The word 'taxes' alone can shut an ADHD brain down for weeks. 👇

The ADHD Tax Tracker is on Etsy right now — link in bio to grab yours.
Follow for more ADHD tools that actually get it.",fyp adhdplanner digitalplanner goodnotesplanner adhd adhdtaxes taxseason moneyshame adulting neurodivergent,fyp adhdplanner digitalplanner goodnotesplanner adhd adhdtaxes taxseason moneyshame adulting neurodivergent,"fyp, adhdplanner, digitalplanner, goodnotesplanner, adhd, adhdtaxes, taxseason, moneyshame, adulting, neurodivergent",2026-08-25T15:30:00,,,
viral_24,11_VIRAL_REELS/viral_reel_24.mp4,11_VIRAL_REELS/thumbnails/viral_24.png,instagram;youtube,"POV: the psychiatrist asks 'how often does this happen,' and your brain, the same brain you're th...","POV: the psychiatrist asks 'how often does this happen,' and your brain, the same brain you're there to talk about, hands you absolutely nothing. 👇

The ADHD Diagnosis and Assessment Prep Journal is on Etsy right now — link in bio to grab yours.
Follow for more ADHD tools that actually get it.",fyp adhdplanner digitalplanner goodnotesplanner adhd adhddiagnosis adhdassessment latediagnosedadhd adhdevaluation neurodivergent,fyp adhdplanner digitalplanner goodnotesplanner adhd adhddiagnosis adhdassessment latediagnosedadhd adhdevaluation neurodivergent,"fyp, adhdplanner, digitalplanner, goodnotesplanner, adhd, adhddiagnosis, adhdassessment, latediagnosedadhd, adhdevaluation, neurodivergent",2026-08-28T02:30:00,,,
viral_32,11_VIRAL_REELS/viral_reel_32.mp4,11_VIRAL_REELS/thumbnails/viral_32.png,instagram;youtube,Three ways to beat the mail pile. One. | ADHD Paper Clutter & Mail Reset,"Three ways to beat the mail pile. One. 👇

The ADHD Paper Clutter & Mail Reset is on Etsy right now — link in bio to grab yours.
Follow for more ADHD tools that actually get it.",fyp adhdplanner digitalplanner goodnotesplanner adhd paperclutter declutterhacks organizationtok adhdhacks neurodivergent,fyp adhdplanner digitalplanner goodnotesplanner adhd paperclutter declutterhacks organizationtok adhdhacks neurodivergent,"fyp, adhdplanner, digitalplanner, goodnotesplanner, adhd, paperclutter, declutterhacks, organizationtok, adhdhacks, neurodivergent",2026-08-30T21:00:00,,,
viral_17,11_VIRAL_REELS/viral_reel_17.mp4,11_VIRAL_REELS/thumbnails/viral_17.png,instagram;youtube,"You sit down to focus, and forty minutes later you're deep-cleaning a drawer you forgot existed....","You sit down to focus, and forty minutes later you're deep-cleaning a drawer you forgot existed. 👇

The ADHD Focus Session Tracker is on Etsy right now — link in bio to grab yours.
Follow for more ADHD tools that actually get it.",fyp adhdplanner digitalplanner goodnotesplanner adhd adhdfocus deepwork adhdproductivity focustips neurodivergent,fyp adhdplanner digitalplanner goodnotesplanner adhd adhdfocus deepwork adhdproductivity focustips neurodivergent,"fyp, adhdplanner, digitalplanner, goodnotesplanner, adhd, adhdfocus, deepwork, adhdproductivity, focustips, neurodivergent",2026-08-25T21:00:00,,,
viral_25,11_VIRAL_REELS/viral_reel_25.mp4,11_VIRAL_REELS/thumbnails/viral_25.png,instagram;youtube,"POV: you set the big goal in January, felt unstoppable for four days, and now it's a folder you a...","POV: you set the big goal in January, felt unstoppable for four days, and now it's a folder you avoid opening. 👇

The ADHD Goal Setting and Vision Planner is on Etsy right now — link in bio to grab yours.
Follow for more ADHD tools that actually get it.",fyp adhdplanner digitalplanner goodnotesplanner adhd adhdgoals goalsetting adhdmotivation adhdrelatable neurodivergent,fyp adhdplanner digitalplanner goodnotesplanner adhd adhdgoals goalsetting adhdmotivation adhdrelatable neurodivergent,"fyp, adhdplanner, digitalplanner, goodnotesplanner, adhd, adhdgoals, goalsetting, adhdmotivation, adhdrelatable, neurodivergent",2026-08-28T15:30:00,,,
viral_33,11_VIRAL_REELS/viral_reel_33.mp4,11_VIRAL_REELS/thumbnails/viral_33.png,instagram;youtube,Three ways to stop double-booking yourself. One. | ADHD Social Plans & RSVP Tracker,"Three ways to stop double-booking yourself. One. 👇

The ADHD Social Plans & RSVP Tracker is on Etsy right now — link in bio to grab yours.
Follow for more ADHD tools that actually get it.",fyp adhdplanner digitalplanner goodnotesplanner adhd adhdsocial doublebooked adhdorganization adhdhacks neurodivergent,fyp adhdplanner digitalplanner goodnotesplanner adhd adhdsocial doublebooked adhdorganization adhdhacks neurodivergent,"fyp, adhdplanner, digitalplanner, goodnotesplanner, adhd, adhdsocial, doublebooked, adhdorganization, adhdhacks, neurodivergent",2026-08-31T02:30:00,,,
viral_18,11_VIRAL_REELS/viral_reel_18.mp4,11_VIRAL_REELS/thumbnails/viral_18.png,instagram;youtube,"Fifteen tabs open, three half-written cover letters, and you still can't remember which job you a...","Fifteen tabs open, three half-written cover letters, and you still can't remember which job you already applied to. 👇

The ADHD-Friendly Job Search Tracker is on Etsy right now — link in bio to grab yours.
Follow for more ADHD tools that actually get it.",fyp adhdplanner digitalplanner goodnotesplanner adhd jobsearch adhdcareer jobhunting careertok neurodivergent,fyp adhdplanner digitalplanner goodnotesplanner adhd jobsearch adhdcareer jobhunting careertok neurodivergent,"fyp, adhdplanner, digitalplanner, goodnotesplanner, adhd, jobsearch, adhdcareer, jobhunting, careertok, neurodivergent",2026-08-26T02:30:00,,,
viral_26,11_VIRAL_REELS/viral_reel_26.mp4,11_VIRAL_REELS/thumbnails/viral_26.png,instagram;youtube,"POV: someone asks a small favor, and your mouth says 'sure, no problem' while your whole body is...","POV: someone asks a small favor, and your mouth says 'sure, no problem' while your whole body is screaming no. 👇

The ADHD Boundary Setting Tracker is on Etsy right now — link in bio to grab yours.
Follow for more ADHD tools that actually get it.",fyp adhdplanner digitalplanner goodnotesplanner adhd peoplepleasing boundaries rsd adhdrelatable neurodivergent,fyp adhdplanner digitalplanner goodnotesplanner adhd peoplepleasing boundaries rsd adhdrelatable neurodivergent,"fyp, adhdplanner, digitalplanner, goodnotesplanner, adhd, peoplepleasing, boundaries, rsd, adhdrelatable, neurodivergent",2026-08-28T21:00:00,,,
viral_34,11_VIRAL_REELS/viral_reel_34.mp4,11_VIRAL_REELS/thumbnails/viral_34.png,instagram;youtube,Three ways to survive a move with ADHD. One. | ADHD Moving and Relocation Planner,"Three ways to survive a move with ADHD. One. 👇

The ADHD Moving and Relocation Planner is on Etsy right now — link in bio to grab yours.
Follow for more ADHD tools that actually get it.",fyp adhdplanner digitalplanner goodnotesplanner adhd movingday adhdmoving relocationtips adhdhacks neurodivergent,fyp adhdplanner digitalplanner goodnotesplanner adhd movingday adhdmoving relocationtips adhdhacks neurodivergent,"fyp, adhdplanner, digitalplanner, goodnotesplanner, adhd, movingday, adhdmoving, relocationtips, adhdhacks, neurodivergent",2026-08-31T15:30:00,,,
viral_19,11_VIRAL_REELS/viral_reel_19.mp4,11_VIRAL_REELS/thumbnails/viral_19.png,instagram;youtube,Four thousand two hundred unread emails. You know the number. | ADHD Inbox & Digital Declutter Pl...,"Four thousand two hundred unread emails. You know the number. 👇

The ADHD Inbox & Digital Declutter Planner is on Etsy right now — link in bio to grab yours.
Follow for more ADHD tools that actually get it.",fyp adhdplanner digitalplanner goodnotesplanner adhd inboxzero adhdorganization digitalclutter emailoverwhelm neurodivergent,fyp adhdplanner digitalplanner goodnotesplanner adhd inboxzero adhdorganization digitalclutter emailoverwhelm neurodivergent,"fyp, adhdplanner, digitalplanner, goodnotesplanner, adhd, inboxzero, adhdorganization, digitalclutter, emailoverwhelm, neurodivergent",2026-08-26T15:30:00,,,
viral_27,11_VIRAL_REELS/viral_reel_27.mp4,11_VIRAL_REELS/thumbnails/viral_27.png,instagram;youtube,POV: you own thirty-one unread books and you just bought book thirty-two because the cover looked...,"POV: you own thirty-one unread books and you just bought book thirty-two because the cover looked exciting. 👇

The ADHD Reading and TBR Tracker is on Etsy right now — link in bio to grab yours.
Follow for more ADHD tools that actually get it.",fyp adhdplanner digitalplanner goodnotesplanner adhd bookishadhd tbrpile adhdreading booktok neurodivergent,fyp adhdplanner digitalplanner goodnotesplanner adhd bookishadhd tbrpile adhdreading booktok neurodivergent,"fyp, adhdplanner, digitalplanner, goodnotesplanner, adhd, bookishadhd, tbrpile, adhdreading, booktok, neurodivergent",2026-08-29T02:30:00,,,
viral_35,11_VIRAL_REELS/viral_reel_35.mp4,11_VIRAL_REELS/thumbnails/viral_35.png,instagram;youtube,Three ways to never miss a vet reminder again. One. | ADHD Pet Care and Vet Reminder Tracker,"Three ways to never miss a vet reminder again. One. 👇

The ADHD Pet Care and Vet Reminder Tracker is on Etsy right now — link in bio to grab yours.
Follow for more ADHD tools that actually get it.",fyp adhdplanner digitalplanner goodnotesplanner adhd petcare dogmom adhdpets adhdhacks neurodivergent,fyp adhdplanner digitalplanner goodnotesplanner adhd petcare dogmom adhdpets adhdhacks neurodivergent,"fyp, adhdplanner, digitalplanner, goodnotesplanner, adhd, petcare, dogmom, adhdpets, adhdhacks, neurodivergent",2026-08-31T21:00:00,,,
viral_20,11_VIRAL_REELS/viral_reel_20.mp4,11_VIRAL_REELS/thumbnails/viral_20.png,instagram;youtube,"Out of sight, out of mind, until the check engine light turns 'out of mind' into a nine hundred d...","Out of sight, out of mind, until the check engine light turns 'out of mind' into a nine hundred dollar emergency. 👇

The ADHD Car and Home Maintenance Tracker is on Etsy right now — link in bio to grab yours.
Follow for more ADHD tools that actually get it.",fyp adhdplanner digitalplanner goodnotesplanner adhd adulting adhdadulting homemaintenance carmaintenance neurodivergent,fyp adhdplanner digitalplanner goodnotesplanner adhd adulting adhdadulting homemaintenance carmaintenance neurodivergent,"fyp, adhdplanner, digitalplanner, goodnotesplanner, adhd, adulting, adhdadulting, homemaintenance, carmaintenance, neurodivergent",2026-08-26T21:00:00,,,
viral_28,11_VIRAL_REELS/viral_reel_28.mp4,11_VIRAL_REELS/thumbnails/viral_28.png,instagram;youtube,"POV: it's day three at the new job, you've already forgotten two names and one password, and you'...","POV: it's day three at the new job, you've already forgotten two names and one password, and you're too embarrassed to ask again. 👇

The ADHD New Job Onboarding Planner is on Etsy right now — link in bio to grab yours.
Follow for more ADHD tools that actually get it.",fyp adhdplanner digitalplanner goodnotesplanner adhd newjob careertok adhdatwork worklife neurodivergent,fyp adhdplanner digitalplanner goodnotesplanner adhd newjob careertok adhdatwork worklife neurodivergent,"fyp, adhdplanner, digitalplanner, goodnotesplanner, adhd, newjob, careertok, adhdatwork, worklife, neurodivergent",2026-08-29T15:30:00,,,
viral_38,11_VIRAL_REELS/viral_reel_38.mp4,11_VIRAL_REELS/thumbnails/viral_38.png,instagram;youtube,Three ways to break task paralysis today. One. | ADHD Executive Function Planner,"Three ways to break task paralysis today. One. 👇

The ADHD Executive Function Planner is on Etsy right now — link in bio to grab yours.
Follow for more ADHD tools that actually get it.",fyp adhdplanner digitalplanner goodnotesplanner adhd taskparalysis adhdtips executivedysfunction adhdtiktok neurodivergent,fyp adhdplanner digitalplanner goodnotesplanner adhd taskparalysis adhdtips executivedysfunction adhdtiktok neurodivergent,"fyp, adhdplanner, digitalplanner, goodnotesplanner, adhd, taskparalysis, adhdtips, executivedysfunction, adhdtiktok, neurodivergent",2026-09-01T21:00:00,,,
viral_37,11_VIRAL_REELS/viral_reel_37.mp4,11_VIRAL_REELS/thumbnails/viral_37.png,instagram;youtube,"You open your to-do list, see twelve things, and physically cannot pick one. | ADHD Executive Fun...","You open your to-do list, see twelve things, and physically cannot pick one. 👇

The ADHD Executive Function Planner is on Etsy right now — link in bio to grab yours.
Follow for more ADHD tools that actually get it.",fyp adhdplanner digitalplanner goodnotesplanner adhd taskparalysis adhdbrain decisionfatigue adhdtiktok neurodivergent,fyp adhdplanner digitalplanner goodnotesplanner adhd taskparalysis adhdbrain decisionfatigue adhdtiktok neurodivergent,"fyp, adhdplanner, digitalplanner, goodnotesplanner, adhd, taskparalysis, adhdbrain, decisionfatigue, adhdtiktok, neurodivergent",2026-09-01T15:30:00,,,
viral_36,11_VIRAL_REELS/viral_reel_36.mp4,11_VIRAL_REELS/thumbnails/viral_36.png,instagram;youtube,You've had the email open for three days. You've read it four times. | ADHD Executive Function Pl...,"You've had the email open for three days. You've read it four times. 👇

The ADHD Executive Function Planner is on Etsy right now — link in bio to grab yours.
Follow for more ADHD tools that actually get it.",fyp adhdplanner digitalplanner goodnotesplanner adhd taskparalysis executivedysfunction adhdbrain adhdtiktok neurodivergent,fyp adhdplanner digitalplanner goodnotesplanner adhd taskparalysis executivedysfunction adhdbrain adhdtiktok neurodivergent,"fyp, adhdplanner, digitalplanner, goodnotesplanner, adhd, taskparalysis, executivedysfunction, adhdbrain, adhdtiktok, neurodivergent",2026-09-01T02:30:00,,,
viral_41,11_VIRAL_REELS/viral_reel_41.mp4,11_VIRAL_REELS/thumbnails/viral_41.png,instagram;youtube,Three dopamine menu items that don't start with unlocking your phone. | ADHD Doomscrolling & Scre...,"Three dopamine menu items that don't start with unlocking your phone. 👇

The ADHD Doomscrolling & Screen Time Reset is on Etsy right now — link in bio to grab yours.
Follow for more ADHD tools that actually get it.",fyp adhdplanner digitalplanner goodnotesplanner adhd dopaminemenu adhdtips screentime adhdtiktok neurodivergent,fyp adhdplanner digitalplanner goodnotesplanner adhd dopaminemenu adhdtips screentime adhdtiktok neurodivergent,"fyp, adhdplanner, digitalplanner, goodnotesplanner, adhd, dopaminemenu, adhdtips, screentime, adhdtiktok, neurodivergent",2026-09-02T21:00:00,,,
viral_40,11_VIRAL_REELS/viral_reel_40.mp4,11_VIRAL_REELS/thumbnails/viral_40.png,instagram;youtube,"Your brain wants a dopamine hit, and it will take the fastest one available, which is almost alwa...","Your brain wants a dopamine hit, and it will take the fastest one available, which is almost always your phone. 👇

The ADHD Focus Session Tracker is on Etsy right now — link in bio to grab yours.
Follow for more ADHD tools that actually get it.",fyp adhdplanner digitalplanner goodnotesplanner adhd dopaminemenu adhdfocus deepwork adhdtiktok neurodivergent,fyp adhdplanner digitalplanner goodnotesplanner adhd dopaminemenu adhdfocus deepwork adhdtiktok neurodivergent,"fyp, adhdplanner, digitalplanner, goodnotesplanner, adhd, dopaminemenu, adhdfocus, deepwork, adhdtiktok, neurodivergent",2026-09-02T15:30:00,,,
viral_39,11_VIRAL_REELS/viral_reel_39.mp4,11_VIRAL_REELS/thumbnails/viral_39.png,instagram;youtube,"Ever heard of a dopamine menu? A list of small, medium, and large ways to get your brain a real h...","Ever heard of a dopamine menu? A list of small, medium, and large ways to get your brain a real hit - so you're not stuck ordering off the phone every time. 👇

The ADHD Doomscrolling & Screen Time Reset is on Etsy right now — link in bio to grab yours.
Follow for more ADHD tools that actually get it.",fyp adhdplanner digitalplanner goodnotesplanner adhd dopaminemenu doomscrolling screentime adhdtiktok neurodivergent,fyp adhdplanner digitalplanner goodnotesplanner adhd dopaminemenu doomscrolling screentime adhdtiktok neurodivergent,"fyp, adhdplanner, digitalplanner, goodnotesplanner, adhd, dopaminemenu, doomscrolling, screentime, adhdtiktok, neurodivergent",2026-09-02T02:30:00,,,
viral_44,11_VIRAL_REELS/viral_reel_44.mp4,11_VIRAL_REELS/thumbnails/viral_44.png,instagram;youtube,"Three ways to stop the ADHD money spiral, not just feel bad about it. | ADHD-Friendly Debt Payoff...","Three ways to stop the ADHD money spiral, not just feel bad about it. 👇

The ADHD-Friendly Debt Payoff & Savings Tracker is on Etsy right now — link in bio to grab yours.
Follow for more ADHD tools that actually get it.",fyp adhdplanner digitalplanner goodnotesplanner adhd adhdbudget debtpayoff moneyshame adhdtiktok neurodivergent,fyp adhdplanner digitalplanner goodnotesplanner adhd adhdbudget debtpayoff moneyshame adhdtiktok neurodivergent,"fyp, adhdplanner, digitalplanner, goodnotesplanner, adhd, adhdbudget, debtpayoff, moneyshame, adhdtiktok, neurodivergent",2026-09-03T21:00:00,,,
viral_43,11_VIRAL_REELS/viral_reel_43.mp4,11_VIRAL_REELS/thumbnails/viral_43.png,instagram;youtube,"It's 1am, the cart is full, and you don't even remember opening the app. | ADHD Impulse Spending...","It's 1am, the cart is full, and you don't even remember opening the app. 👇

The ADHD Impulse Spending Pause Tracker is on Etsy right now — link in bio to grab yours.
Follow for more ADHD tools that actually get it.",fyp adhdplanner digitalplanner goodnotesplanner adhd adhdbudget impulsespending moneyshame adhdtiktok neurodivergent,fyp adhdplanner digitalplanner goodnotesplanner adhd adhdbudget impulsespending moneyshame adhdtiktok neurodivergent,"fyp, adhdplanner, digitalplanner, goodnotesplanner, adhd, adhdbudget, impulsespending, moneyshame, adhdtiktok, neurodivergent",2026-09-03T15:30:00,,,
viral_42,11_VIRAL_REELS/viral_reel_42.mp4,11_VIRAL_REELS/thumbnails/viral_42.png,instagram;youtube,You check your bank app and there's a charge for an app you forgot you downloaded in twenty twent...,"You check your bank app and there's a charge for an app you forgot you downloaded in twenty twenty-two. 👇

The ADHD Subscription & Recurring Bill Audit Tracker is on Etsy right now — link in bio to grab yours.
Follow for more ADHD tools that actually get it.",fyp adhdplanner digitalplanner goodnotesplanner adhd adhdbudget subscriptions moneyshame adhdtiktok neurodivergent,fyp adhdplanner digitalplanner goodnotesplanner adhd adhdbudget subscriptions moneyshame adhdtiktok neurodivergent,"fyp, adhdplanner, digitalplanner, goodnotesplanner, adhd, adhdbudget, subscriptions, moneyshame, adhdtiktok, neurodivergent",2026-09-03T02:30:00,,,
viral_50,11_VIRAL_REELS/viral_reel_50.mp4,11_VIRAL_REELS/thumbnails/viral_50.png,instagram;youtube,Three ways to actually wind down with an ADHD brain. One. | ADHD Sleep & Wind-Down Planner,"Three ways to actually wind down with an ADHD brain. One. 👇

The ADHD Sleep & Wind-Down Planner is on Etsy right now — link in bio to grab yours.
Follow for more ADHD tools that actually get it.",fyp adhdplanner digitalplanner goodnotesplanner adhd adhdsleep adhdtips sleeptok adhdtiktok neurodivergent,fyp adhdplanner digitalplanner goodnotesplanner adhd adhdsleep adhdtips sleeptok adhdtiktok neurodivergent,"fyp, adhdplanner, digitalplanner, goodnotesplanner, adhd, adhdsleep, adhdtips, sleeptok, adhdtiktok, neurodivergent",2026-09-05T21:00:00,,,
viral_47,11_VIRAL_REELS/viral_reel_47.mp4,11_VIRAL_REELS/thumbnails/viral_47.png,instagram;youtube,"For a lot of ADHD brains, rejection doesn't feel like an emotion, it feels like an emergency. | R...","For a lot of ADHD brains, rejection doesn't feel like an emotion, it feels like an emergency. 👇

The RSD Journal is on Etsy right now — link in bio to grab yours.
Follow for more ADHD tools that actually get it.",fyp adhdplanner digitalplanner goodnotesplanner adhd rsd rejectionsensitivedysphoria adhdbrain adhdtiktok neurodivergent,fyp adhdplanner digitalplanner goodnotesplanner adhd rsd rejectionsensitivedysphoria adhdbrain adhdtiktok neurodivergent,"fyp, adhdplanner, digitalplanner, goodnotesplanner, adhd, rsd, rejectionsensitivedysphoria, adhdbrain, adhdtiktok, neurodivergent",2026-09-04T21:00:00,,,
viral_45,11_VIRAL_REELS/viral_reel_45.mp4,11_VIRAL_REELS/thumbnails/viral_45.png,instagram;youtube,"POV: your boss says 'thanks, noted' in a meeting, completely neutral, and your brain spends the r...","POV: your boss says 'thanks, noted' in a meeting, completely neutral, and your brain spends the rest of the day building a case for why you're about to get fired. 👇

The RSD Journal is on Etsy right now — link in bio to grab yours.
Follow for more ADHD tools that actually get it.",fyp adhdplanner digitalplanner goodnotesplanner adhd rsd rejectionsensitivedysphoria adhdemotions adhdtiktok neurodivergent,fyp adhdplanner digitalplanner goodnotesplanner adhd rsd rejectionsensitivedysphoria adhdemotions adhdtiktok neurodivergent,"fyp, adhdplanner, digitalplanner, goodnotesplanner, adhd, rsd, rejectionsensitivedysphoria, adhdemotions, adhdtiktok, neurodivergent",2026-09-04T02:30:00,,,
viral_49,11_VIRAL_REELS/viral_reel_49.mp4,11_VIRAL_REELS/thumbnails/viral_49.png,instagram;youtube,"You're exhausted, you know you should sleep, and you're still scrolling anyway. | ADHD Sleep & Wi...","You're exhausted, you know you should sleep, and you're still scrolling anyway. 👇

The ADHD Sleep & Wind-Down Planner is on Etsy right now — link in bio to grab yours.
Follow for more ADHD tools that actually get it.",fyp adhdplanner digitalplanner goodnotesplanner adhd adhdsleep doomscrolling sleeptok adhdtiktok neurodivergent,fyp adhdplanner digitalplanner goodnotesplanner adhd adhdsleep doomscrolling sleeptok adhdtiktok neurodivergent,"fyp, adhdplanner, digitalplanner, goodnotesplanner, adhd, adhdsleep, doomscrolling, sleeptok, adhdtiktok, neurodivergent",2026-09-05T15:30:00,,,
viral_46,11_VIRAL_REELS/viral_reel_46.mp4,11_VIRAL_REELS/thumbnails/viral_46.png,instagram;youtube,"A friend cancels plans last minute, gives a totally normal reason, and your brain instantly decid...","A friend cancels plans last minute, gives a totally normal reason, and your brain instantly decides they never actually liked you. 👇

The RSD Journal is on Etsy right now — link in bio to grab yours.
Follow for more ADHD tools that actually get it.",fyp adhdplanner digitalplanner goodnotesplanner adhd rsd rejectionsensitivedysphoria adhdrelatable adhdtiktok neurodivergent,fyp adhdplanner digitalplanner goodnotesplanner adhd rsd rejectionsensitivedysphoria adhdrelatable adhdtiktok neurodivergent,"fyp, adhdplanner, digitalplanner, goodnotesplanner, adhd, rsd, rejectionsensitivedysphoria, adhdrelatable, adhdtiktok, neurodivergent",2026-09-04T15:30:00,,,
viral_48,11_VIRAL_REELS/viral_reel_48.mp4,11_VIRAL_REELS/thumbnails/viral_48.png,instagram;youtube,"It's 2am, you're exhausted, and your brain has decided this is the perfect time to replay every a...","It's 2am, you're exhausted, and your brain has decided this is the perfect time to replay every awkward thing you've said since 2016. 👇

The ADHD Sleep & Wind-Down Planner is on Etsy right now — link in bio to grab yours.
Follow for more ADHD tools that actually get it.",fyp adhdplanner digitalplanner goodnotesplanner adhd adhdsleep racingthoughts sleeptok adhdtiktok neurodivergent,fyp adhdplanner digitalplanner goodnotesplanner adhd adhdsleep racingthoughts sleeptok adhdtiktok neurodivergent,"fyp, adhdplanner, digitalplanner, goodnotesplanner, adhd, adhdsleep, racingthoughts, sleeptok, adhdtiktok, neurodivergent",2026-09-05T02:30:00,,,
